,propertyType,prices,zipcodes,home_type,tax_year,tax_value,year_built,property_size,home_size,bathrooms,bedrooms,zestimate_amount
0,House,107.0,78702,SingleFamily,2015.0,192439.0,1961.0,6294.0,730.0,1.0,2.0,281162.0
2,House,100.0,78746,SingleFamily,2015.0,491696.0,1981.0,9409.0,1991.0,2.0,,640646.0
3,House,65.0,78736,SingleFamily,,,2008.0,13068.0,3026.0,3.0,4.0,399599.0
4,House,44.0,78754,SingleFamily,2015.0,187606.0,2010.0,5872.0,1764.0,3.0,3.0,216260.0
5,House,97.0,78704,SingleFamily,2015.0,717736.0,2010.0,6595.0,2147.0,2.0,3.0,749497.0
6,House,200.0,78741,Condominium,,,2012.0,,1201.0,2.0,2.0,251129.0
8,House,189.0,78705,SingleFamily,2015.0,626173.0,1922.0,7013.0,1647.0,1.0,,643281.0
9,House,980.0,78704,SingleFamily,2015.0,353371.0,1947.0,7884.0,929.0,2.0,3.0,437977.0
10,House,1500.0,78704,SingleFamily,2015.0,444871.0,1939.0,6517.0,956.0,1.0,,489823.0
11,House,150.0,78704,MultiFamily2To4,2015.0,650000.0,2010.0,1060687680.0,1100.0,1.7,,
12,House,150.0,78704,Duplex,2015.0,347561.0,1966.0,10672.0,1302.0,2.0,,463245.0
13,House,149.0,78704,SingleFamily,2015.0,438041.0,1996.0,6738.0,1531.0,1.0,0.0,520991.0
14,House,1099.0,78704,SingleFamily,2015.0,562722.0,1955.0,8525.0,2080.0,3.0,,679635.0
15,House,199.0,78704,SingleFamily,2015.0,398641.0,1933.0,6233.0,837.0,1.0,,448449.0
16,House,1000.0,78704,SingleFamily,2015.0,1476073.0,1999.0,23357.0,3992.0,3.0,,1338043.0
17,House,230.0,78705,Duplex,2015.0,418705.0,1925.0,4635.0,1316.0,2.0,,430944.0
19,House,300.0,78705,Apartment,,,,,,1.0,1.0,
20,House,950.0,78705,SingleFamily,2015.0,747301.0,1935.0,8712.0,2615.0,2.0,4.0,705376.0
21,House,110.0,78741,Condominium,2015.0,226585.0,2012.0,3776.0,1408.0,2.5,2.0,286308.0
23,House,700.0,78704,SingleFamily,2015.0,462659.0,1950.0,6461.0,1057.0,1.0,,506787.0
24,House,400.0,78741,SingleFamily,2015.0,130730.0,1976.0,13503.0,1789.0,3.0,5.0,260571.0
25,House,495.0,78704,SingleFamily,2015.0,511537.0,1943.0,9300.0,1008.0,1.0,3.0,520676.0
26,House,1400.0,78704,SingleFamily,2015.0,525727.0,1954.0,9147.0,1642.0,1.0,3.0,599688.0
27,House,375.0,78704,SingleFamily,2015.0,435766.0,1954.0,8324.0,1170.0,2.0,,490509.0
28,House,450.0,78704,SingleFamily,2015.0,542360.0,1948.0,7501.0,1844.0,2.0,,677131.0
29,House,300.0,78705,SingleFamily,2015.0,535808.0,1939.0,8220.0,2006.0,3.0,,580665.0
30,House,249.0,78704,SingleFamily,2015.0,398166.0,1952.0,7910.0,1020.0,1.0,,474652.0
31,House,650.0,78704,SingleFamily,2015.0,412213.0,1955.0,8194.0,1295.0,2.0,,503002.0
32,House,999.0,78705,Duplex,2015.0,676000.0,1940.0,8390.0,3668.0,4.0,,793062.0
33,House,300.0,78704,SingleFamily,2015.0,511537.0,1943.0,9300.0,1008.0,1.0,3.0,520676.0
34,House,350.0,78705,MultiFamily2To4,,,1966.0,,576.0,1.0,1.0,422186.0
36,Townhouse,595.0,78704,SingleFamily,2015.0,810493.0,2011.0,6233.0,2457.0,3.0,3.0,840078.0
37,House,288.0,78704,Condominium,2015.0,259778.0,2005.0,5009.0,2960.0,3.0,3.0,504619.0
38,House,60.0,78705,Apartment,,,,,400.0,1.0,0.0,
39,House,190.0,78704,SingleFamily,2015.0,367722.0,1952.0,7640.0,847.0,1.0,,457785.0
40,House,400.0,78704,SingleFamily,2015.0,653886.0,1937.0,10724.0,1748.0,1.0,,674593.0
42,House,500.0,78704,SingleFamily,2013.0,181842.0,1933.0,6739.0,1398.0,1.0,,391987.0
43,House,695.0,78704,SingleFamily,2015.0,561029.0,1950.0,7275.0,1840.0,3.0,,684534.0
44,Townhouse,795.0,78704,SingleFamily,2015.0,789261.0,1953.0,18378.0,1143.0,1.0,,683778.0
45,House,130.0,78741,MultiFamily2To4,2015.0,135408.0,1968.0,10280.0,1902.0,2.0,0.0,270944.0
46,House,120.0,78741,SingleFamily,2015.0,228201.0,1962.0,12349.0,1025.0,1.0,,269307.0
47,House,100.0,78741,MultiFamily2To4,2015.0,147105.0,1967.0,7230.0,2016.0,1.0,2.0,276162.0
48,House,250.0,78741,Condominium,,,,,900.0,1.0,2.0,186156.0
49,House,210.0,78741,Duplex,2015.0,158897.0,1972.0,7231.0,1806.0,2.0,,243631.0
50,House,500.0,78741,Condominium,,,2010.0,3777.0,1408.0,3.0,3.0,235411.0
52,House,225.0,78731,SingleFamily,2015.0,706306.0,1987.0,24219.0,3354.0,4.0,4.0,846143.0
53,House,174.0,78704,SingleFamily,2015.0,889554.0,2011.0,8817.0,3753.0,3.0,4.0,1250265.0
54,House,600.0,78746,SingleFamily,2015.0,793315.0,1979.0,16113.0,2841.0,2.0,,1040675.0
58,House,400.0,78745,Condominium,2015.0,270451.0,2007.0,7013.0,1550.0,2.0,3.0,290440.0
59,House,189.0,78729,SingleFamily,2015.0,265400.0,1993.0,,2180.0,2.5,,264745.0
61,House,250.0,78757,SingleFamily,2015.0,428956.0,1967.0,9322.0,1784.0,2.0,,489425.0
62,House,75.0,78759,SingleFamily,2015.0,408593.0,1996.0,5589.0,1575.0,2.0,,444680.0
63,House,135.0,78729,Condominium,2015.0,8231.0,,168142.0,,,,180149.0
65,House,50.0,78748,SingleFamily,2015.0,173854.0,1997.0,5554.0,1851.0,2.0,,225884.0
67,House,55.0,78735,SingleFamily,2015.0,253756.0,1961.0,9749.0,1620.0,2.0,,323395.0
68,House,345.0,78725,SingleFamily,2015.0,262209.0,2014.0,6639.0,1657.0,2.0,3.0,294554.0
70,House,65.0,78748,SingleFamily,2015.0,500.0,,505448.0,,,,
71,House,30.0,78724,SingleFamily,2015.0,147818.0,2007.0,4791.0,1422.0,3.0,3.0,166103.0
73,House,35.0,78758,SingleFamily,2015.0,182748.0,1973.0,8359.0,1455.0,2.0,,235824.0
76,House,450.0,78746,SingleFamily,2015.0,1240660.0,1994.0,16944.0,4700.0,5.0,5.0,1546822.0
78,House,49.0,78703,SingleFamily,2015.0,560000.0,1945.0,10149.0,1279.0,1.0,2.0,615850.0
79,House,39.0,78748,SingleFamily,2015.0,476126.0,1939.0,254826.0,,,,478255.0
80,House,500.0,78741,SingleFamily,2015.0,234629.0,1967.0,12719.0,1946.0,2.0,4.0,310912.0
81,House,495.0,78741,Duplex,2015.0,167393.0,1977.0,7305.0,1800.0,2.0,,267194.0
82,House,299.0,78741,Duplex,2015.0,150983.0,1978.0,11134.0,1768.0,2.0,,247125.0
83,House,200.0,78704,SingleFamily,2015.0,737874.0,1984.0,7061.0,2261.0,3.0,3.0,888525.0
84,House,172.0,78704,Apartment,,,,,1144.0,2.0,2.0,
85,House,499.0,78704,SingleFamily,2015.0,729861.0,2005.0,7405.0,1996.0,3.0,2.0,766474.0
86,House,225.0,78704,SingleFamily,2015.0,461210.0,1948.0,6970.0,1800.0,2.0,,575508.0
87,House,595.0,78705,SingleFamily,2015.0,411160.0,1935.0,6075.0,1050.0,1.0,2.0,394470.0
88,House,773.0,78704,Condominium,2015.0,284477.0,1982.0,2395.0,903.0,2.0,2.0,
90,House,745.0,78704,Duplex,2015.0,433263.0,1972.0,9675.0,2580.0,4.0,,649167.0
91,House,600.0,78704,SingleFamily,2015.0,285000.0,2016.0,6098.0,2600.0,3.0,4.0,913191.0
92,House,125.0,78704,SingleFamily,2014.0,701246.0,1950.0,14984.0,1517.0,2.0,3.0,718027.0
95,House,55.0,78704,SingleFamily,2015.0,330081.0,1962.0,7349.0,1248.0,2.0,,411882.0
97,House,60.0,78749,SingleFamily,2015.0,235403.0,1990.0,9405.0,1387.0,2.0,,292788.0
98,House,164.0,78704,SingleFamily,2015.0,482278.0,1931.0,7218.0,1500.0,2.0,3.0,582027.0
99,House,55.0,78704,SingleFamily,2015.0,431059.0,1928.0,3772.0,1235.0,2.0,,537378.0
100,House,35.0,78741,MultiFamily2To4,2015.0,176709.0,1973.0,8799.0,2193.0,2.0,0.0,273858.0
101,House,46.0,78705,Condominium,,,1966.0,1960.0,1500.0,2.0,3.0,365945.0
102,House,125.0,78703,SingleFamily,2015.0,413300.0,1930.0,5349.0,1366.0,1.0,,518961.0
103,House,78.0,78741,SingleFamily,2015.0,373002.0,1963.0,11029.0,3187.0,3.0,4.0,477541.0
104,House,150.0,78702,SingleFamily,2015.0,310030.0,1905.0,9592.0,1040.0,1.0,,355467.0
105,House,129.0,78704,Condominium,2015.0,218300.0,1967.0,2897.0,1144.0,,,283995.0
106,House,75.0,78702,SingleFamily,2015.0,647319.0,1980.0,5702.0,2381.0,4.0,5.0,624920.0
108,House,110.0,78751,SingleFamily,2015.0,282797.0,1948.0,5967.0,1054.0,1.0,2.0,334661.0
109,House,135.0,78751,SingleFamily,2015.0,425988.0,1945.0,7841.0,1901.0,3.0,3.0,517130.0
110,House,60.0,78751,SingleFamily,,,2008.0,,1600.0,2.5,3.0,442666.0
111,House,60.0,78751,SingleFamily,2015.0,355458.0,1941.0,6882.0,899.0,1.0,2.0,410916.0
112,House,139.0,78751,SingleFamily,2015.0,415348.0,2006.0,5140.0,2460.0,3.0,6.0,559696.0
113,House,120.0,78751,SingleFamily,2015.0,382520.0,1949.0,14227.0,1118.0,1.0,,415870.0
116,House,62.0,78723,SingleFamily,2015.0,253774.0,1961.0,8407.0,1042.0,2.0,2.0,275647.0
117,House,275.0,78704,SingleFamily,2015.0,402069.0,1937.0,10132.0,728.0,1.0,,459529.0
118,House,58.0,78704,SingleFamily,2015.0,280000.0,1930.0,2980.0,,,,
119,House,49.0,78741,Condominium,2015.0,233920.0,2013.0,3816.0,1249.0,2.0,2.0,271969.0
120,House,100.0,78748,SingleFamily,2015.0,166930.0,1998.0,7558.0,2102.0,3.0,,241194.0
122,House,300.0,78705,Townhouse,2015.0,634227.0,1924.0,8141.0,1304.0,1.5,2.0,611305.0
123,House,91.0,78704,SingleFamily,2015.0,510689.0,1949.0,6547.0,1094.0,1.0,,511305.0
124,House,250.0,78704,MultiFamily2To4,2015.0,2800000.0,1982.0,87120.0,37930.0,,,2999622.0
125,House,800.0,78705,SingleFamily,2015.0,565000.0,1927.0,8999.0,2290.0,2.0,,642269.0
126,House,600.0,78704,SingleFamily,2015.0,789592.0,1949.0,5750.0,2234.0,2.5,3.0,859962.0
127,House,450.0,78704,SingleFamily,2015.0,528998.0,1953.0,10215.0,1220.0,1.0,,563494.0
128,House,100.0,78704,SingleFamily,2015.0,536879.0,1928.0,9701.0,2327.0,2.0,,646997.0
129,House,300.0,78704,SingleFamily,2015.0,458953.0,1954.0,9561.0,1441.0,2.0,,545635.0
130,House,595.0,78704,SingleFamily,2015.0,1242000.0,2010.0,17511.0,3412.0,3.5,3.0,1485653.0
131,House,750.0,78704,MultiFamily2To4,2015.0,2800000.0,1982.0,87120.0,37930.0,,,2999622.0
132,House,125.0,78705,SingleFamily,2015.0,929209.0,1910.0,9309.0,3613.0,4.0,4.0,958383.0
134,House,125.0,78705,Apartment,2015.0,1576740.0,1961.0,12759.0,800.0,1.0,1.0,
135,House,300.0,78704,SingleFamily,2015.0,426162.0,1947.0,6652.0,1140.0,1.0,,461154.0
138,House,350.0,78704,SingleFamily,2015.0,905141.0,1941.0,10149.0,836.0,2.0,2.0,690383.0
139,House,329.0,78704,SingleFamily,2015.0,504059.0,1946.0,6294.0,1638.0,2.0,,614524.0
140,House,750.0,78704,SingleFamily,2015.0,974700.0,1933.0,13939.0,2395.0,2.0,3.0,1168242.0
141,House,459.0,78704,SingleFamily,2015.0,608794.0,1993.0,6050.0,1848.0,2.0,,704337.0
143,Townhouse,129.0,78703,SingleFamily,2015.0,446976.0,1929.0,5881.0,832.0,1.0,,495176.0
144,House,225.0,78703,SingleFamily,2015.0,690834.0,1929.0,8933.0,2187.0,2.0,3.0,744331.0
145,House,632.0,78703,SingleFamily,2015.0,498863.0,1920.0,4661.0,1952.0,2.0,,673047.0
146,House,200.0,78703,SingleFamily,2015.0,481400.0,1925.0,4426.0,1092.0,1.0,,514102.0
148,House,285.0,78703,SingleFamily,2015.0,644013.0,1920.0,5471.0,1989.0,1.0,,698754.0
150,House,1400.0,78703,SingleFamily,,,,,1100.0,1.0,2.0,355903.0
151,House,125.0,78741,Condominium,2015.0,233039.0,2014.0,3816.0,1445.0,,,276858.0
152,House,60.0,78741,SingleFamily,2015.0,198507.0,1967.0,12759.0,1388.0,2.0,,261017.0
153,House,999.0,78704,SingleFamily,2015.0,492183.0,1946.0,8947.0,1655.0,2.0,,563793.0
155,House,129.0,78701,SingleFamily,2015.0,1021140.0,1973.0,11347.0,,,,
158,House,250.0,78751,SingleFamily,2015.0,410000.0,1925.0,6446.0,1140.0,1.0,3.0,440453.0
159,House,250.0,78751,SingleFamily,2015.0,404557.0,1907.0,6534.0,1100.0,2.0,2.0,461869.0
160,House,150.0,78704,Duplex,2015.0,295422.0,1982.0,8002.0,1560.0,2.0,,401349.0
161,Townhouse,250.0,78704,MultiFamily2To4,2015.0,991440.0,1977.0,9588.0,5508.0,,,2030137.0
162,House,150.0,78751,Townhouse,2015.0,402825.0,1964.0,7318.0,1948.0,2.0,,574762.0
164,Townhouse,150.0,78704,Duplex,2015.0,341405.0,1970.0,8751.0,1962.0,3.0,,433977.0
167,House,800.0,78704,SingleFamily,2015.0,604261.0,1977.0,11678.0,2534.0,2.0,,703774.0
168,House,499.0,78704,SingleFamily,2015.0,485000.0,1982.0,31960.0,1353.0,1.0,,585758.0
169,House,300.0,78751,SingleFamily,2015.0,321228.0,1949.0,9243.0,810.0,1.0,,356626.0
170,House,1250.0,78704,SingleFamily,2015.0,390075.0,1971.0,10298.0,1650.0,3.0,,519270.0
171,House,2100.0,78704,SingleFamily,2015.0,612034.0,1975.0,9631.0,2493.0,4.0,,675889.0
172,House,425.0,78704,SingleFamily,2015.0,579057.0,1974.0,19763.0,1769.0,2.0,,632730.0
173,House,1550.0,78704,SingleFamily,2015.0,545342.0,1966.0,14174.0,2364.0,3.0,,687360.0
174,House,450.0,78704,Duplex,2015.0,342182.0,1965.0,10293.0,2097.0,2.0,,526810.0
179,House,75.0,78704,SingleFamily,2015.0,344173.0,1960.0,10136.0,1208.0,2.0,2.0,407488.0
180,House,231.0,78704,SingleFamily,2015.0,297697.0,1940.0,5968.0,1180.0,2.0,,396858.0
181,House,92.0,78704,SingleFamily,2015.0,415090.0,1940.0,6743.0,1352.0,1.0,,490610.0
182,House,600.0,78722,SingleFamily,2015.0,289494.0,1960.0,6334.0,1134.0,2.0,3.0,350891.0
184,House,110.0,78722,SingleFamily,2015.0,345797.0,1940.0,7327.0,1268.0,1.0,,400342.0
185,House,250.0,78722,SingleFamily,2015.0,253513.0,1956.0,7401.0,728.0,1.0,,319836.0
186,House,102.0,78704,SingleFamily,2015.0,427000.0,1950.0,10210.0,800.0,1.0,2.0,479062.0
187,House,600.0,78722,Apartment,,,,,850.0,1.0,2.0,
188,House,160.0,78741,SingleFamily,2015.0,325135.0,1964.0,10045.0,1454.0,2.0,3.0,393902.0
190,House,125.0,78748,SingleFamily,2015.0,152002.0,2000.0,4400.0,1160.0,2.0,,191507.0
192,House,350.0,78722,SingleFamily,2015.0,583293.0,1992.0,10720.0,2067.0,2.0,,585900.0
193,House,1000.0,78722,SingleFamily,2015.0,370869.0,1953.0,10489.0,1475.0,2.0,,408325.0
196,House,795.0,78722,SingleFamily,2015.0,303378.0,1948.0,6181.0,1013.0,1.0,,356991.0
197,House,400.0,78704,SingleFamily,2015.0,368000.0,1951.0,6882.0,810.0,1.0,2.0,446317.0
198,House,179.0,78704,SingleFamily,2015.0,598857.0,2002.0,9906.0,2096.0,2.0,,731628.0
200,House,100.0,78741,SingleFamily,2015.0,518179.0,1972.0,7501.0,3740.0,2.0,,617836.0
202,House,379.0,78722,SingleFamily,2015.0,293319.0,1953.0,9392.0,899.0,1.0,,351853.0
204,House,700.0,78704,SingleFamily,2015.0,347040.0,1957.0,7498.0,1543.0,3.0,4.0,463087.0
205,House,425.0,78741,SingleFamily,2015.0,349527.0,1983.0,8965.0,1970.0,3.0,,322524.0
206,House,500.0,78704,SingleFamily,2015.0,475037.0,1948.0,6978.0,952.0,1.0,,497669.0
207,House,745.0,78722,MultiFamily2To4,2015.0,484700.0,2007.0,8712.0,1641.0,2.0,0.0,501529.0
209,Townhouse,850.0,78704,MultiFamily2To4,2015.0,19697100.0,1984.0,418394.0,672.0,1.0,1.0,1185444.0
212,House,399.0,78704,SingleFamily,2015.0,482743.0,1937.0,7405.0,609.0,1.0,,399031.0
213,House,300.0,78704,SingleFamily,2015.0,614770.0,1938.0,6210.0,1410.0,2.25,2.0,694174.0
214,House,70.0,78704,SingleFamily,2015.0,772503.0,1927.0,10550.0,2504.0,3.0,,993147.0
215,House,3725.0,78704,SingleFamily,2015.0,455021.0,1950.0,7575.0,1150.0,1.0,,501796.0
216,House,1500.0,78704,SingleFamily,2015.0,444085.0,1948.0,5484.0,1161.0,1.0,,497103.0
217,House,95.0,78704,Duplex,2015.0,555813.0,1972.0,14545.0,1796.0,2.0,,693787.0
218,House,180.0,78704,SingleFamily,2015.0,485857.0,1996.0,8046.0,1368.0,1.0,,552707.0
222,House,339.0,78701,Condominium,2015.0,265504.0,2008.0,2505.0,1593.0,3.0,2.0,278915.0
224,House,750.0,78704,SingleFamily,2015.0,8415785.0,1983.0,240451.0,,,,
225,House,1264.0,78704,SingleFamily,2015.0,582255.0,1942.0,6577.0,1518.0,2.0,2.0,634894.0
227,House,199.0,78704,SingleFamily,2015.0,742119.0,1973.0,21754.0,2957.0,2.0,4.0,855908.0
228,House,165.0,78704,SingleFamily,2015.0,16313220.0,1945.0,815661.0,,,,
229,House,350.0,78702,SingleFamily,2015.0,344409.0,1900.0,7396.0,1612.0,3.0,,439175.0
231,House,238.0,78704,SingleFamily,2015.0,573674.0,1975.0,9919.0,2357.0,3.0,,677896.0
232,House,250.0,78704,SingleFamily,2015.0,514086.0,1960.0,15581.0,1861.0,2.0,,611128.0
233,House,55.0,78702,SingleFamily,2015.0,283384.0,1926.0,2395.0,624.0,1.0,2.0,322586.0
234,House,60.0,78702,SingleFamily,2015.0,296308.0,1945.0,4417.0,936.0,1.0,,356413.0
235,House,350.0,78702,Duplex,2015.0,378829.0,1975.0,7523.0,1776.0,2.0,,532212.0
236,House,413.0,78702,SingleFamily,2015.0,229307.0,1988.0,3128.0,930.0,1.0,,308037.0
237,House,99.0,78702,SingleFamily,2015.0,233370.0,1907.0,6751.0,896.0,4.0,5.0,332526.0
239,House,77.0,78702,SingleFamily,2015.0,276054.0,1935.0,6059.0,1140.0,2.0,3.0,336258.0
240,House,100.0,78702,SingleFamily,2015.0,478842.0,2004.0,8276.0,1902.0,2.0,,519638.0
242,House,200.0,78702,SingleFamily,2009.0,1380226.0,1994.0,862641.0,,,,
245,House,75.0,78704,SingleFamily,2015.0,279591.0,1958.0,7867.0,1025.0,1.0,,342853.0
247,House,300.0,78704,SingleFamily,2015.0,344405.0,1962.0,5532.0,1125.0,1.0,3.0,411012.0
248,House,49.0,78702,SingleFamily,2015.0,252040.0,1935.0,3484.0,1350.0,2.0,3.0,
249,House,75.0,78702,SingleFamily,2015.0,330378.0,1967.0,8581.0,1350.0,2.0,,373065.0
250,House,75.0,78702,SingleFamily,2015.0,482568.0,1912.0,5793.0,1800.0,2.0,3.0,539387.0
251,House,661.0,78703,MultiFamily2To4,2015.0,561664.0,1940.0,9496.0,2360.0,4.0,3.0,720319.0
252,House,275.0,78704,SingleFamily,2015.0,526865.0,1950.0,9759.0,1400.0,2.0,2.0,595852.0
253,House,1800.0,78704,SingleFamily,2014.0,744324.0,1933.0,16501.0,1874.0,2.0,,775759.0
254,House,490.0,78704,SingleFamily,2015.0,583700.0,2004.0,6229.0,2423.0,3.0,3.0,656450.0
255,House,725.0,78704,SingleFamily,2015.0,368918.0,1956.0,9045.0,1702.0,2.5,4.0,448999.0
256,House,225.0,78704,SingleFamily,2015.0,394595.0,1926.0,,850.0,1.0,2.0,463999.0
257,House,109.0,78704,Unknown,,,,,,,,
258,House,1400.0,78704,Duplex,2015.0,423204.0,1964.0,11853.0,1750.0,2.0,,420518.0
259,House,545.0,78704,SingleFamily,2015.0,666767.0,2004.0,5749.0,2169.0,3.0,3.0,655043.0
260,House,2000.0,78704,SingleFamily,2015.0,462659.0,1933.0,4722.0,1480.0,1.0,,561426.0
261,House,400.0,78704,MultiFamily2To4,2015.0,560647.0,1939.0,5837.0,1776.0,3.0,0.0,662328.0
262,House,250.0,78722,MultiFamily2To4,2015.0,380500.0,1960.0,7535.0,2650.0,2.0,4.0,600996.0
263,House,225.0,78704,SingleFamily,2015.0,614253.0,1932.0,6359.0,1405.0,2.0,3.0,657959.0
264,House,49.0,78722,SingleFamily,2015.0,271068.0,1948.0,7880.0,941.0,1.0,2.0,330185.0
265,House,650.0,78704,Unknown,,,1982.0,569242048.0,1988.0,,,951593.0
266,House,119.0,78751,SingleFamily,2015.0,404963.0,1935.0,6303.0,1138.0,1.0,,463249.0
267,House,300.0,78704,SingleFamily,2015.0,219179.0,1940.0,6141.0,1027.0,2.0,2.0,349504.0
268,House,99.0,78704,MultiFamily2To4,2015.0,3192000.0,1984.0,84511.0,39900.0,,,3748215.0
269,House,275.0,78702,SingleFamily,2015.0,296578.0,1930.0,5345.0,1008.0,1.0,,367747.0
271,House,500.0,78702,SingleFamily,2015.0,148094.0,2016.0,3376.0,1753.0,3.0,3.0,454463.0
272,House,175.0,78702,SingleFamily,2015.0,241415.0,1965.0,7963.0,846.0,1.0,,304009.0
273,House,185.0,78702,SingleFamily,2015.0,227699.0,2016.0,6534.0,2285.0,3.0,4.0,744281.0
274,House,250.0,78702,SingleFamily,2015.0,565284.0,2015.0,6969.0,2225.0,4.0,4.0,536447.0
275,House,75.0,78702,MultiFamily2To4,2015.0,310144.0,1935.0,7579.0,2200.0,2.0,0.0,450638.0
276,House,100.0,78751,SingleFamily,2015.0,486681.0,2008.0,5183.0,2300.0,3.0,4.0,527364.0
279,House,179.0,78702,Duplex,2015.0,193978.0,1938.0,4596.0,952.0,2.0,,281677.0
281,House,800.0,78704,Apartment,2015.0,5000000.0,1979.0,154651.0,825.0,2.0,2.0,
282,House,295.0,78702,SingleFamily,2015.0,345445.0,1999.0,6486.0,1134.0,2.0,,349158.0
284,House,39.0,78702,MultiFamily2To4,2015.0,493805.0,2007.0,6011.0,1756.0,2.5,3.0,471955.0
285,House,165.0,78704,MultiFamily2To4,2014.0,405360.0,2014.0,7013.0,1200.0,3.0,2.0,338780.0
287,House,75.0,78702,SingleFamily,2015.0,384609.0,1925.0,6743.0,1622.0,2.0,,489020.0
288,House,60.0,78702,SingleFamily,2015.0,309409.0,2013.0,3354.0,2210.0,2.0,4.0,487307.0
289,House,1900.0,78703,SingleFamily,2012.0,280340.0,1971.0,10298.0,638.0,,,413328.0
291,House,1099.0,78703,Condominium,2015.0,221782.0,1983.0,1306.0,1000.0,2.0,2.0,268957.0
293,House,550.0,78702,SingleFamily,2015.0,517534.0,1930.0,7000.0,1640.0,2.0,,624412.0
294,Townhouse,440.0,78704,SingleFamily,2015.0,363526.0,2001.0,10149.0,1552.0,2.0,4.0,453732.0
295,House,105.0,78702,SingleFamily,2015.0,262445.0,1949.0,7758.0,892.0,1.0,,312703.0
299,House,50.0,78751,SingleFamily,2015.0,314012.0,1952.0,6364.0,960.0,1.0,,336032.0
301,House,35.0,78751,SingleFamily,2015.0,270790.0,1945.0,6500.0,902.0,1.0,2.0,330688.0
303,House,200.0,78703,SingleFamily,2015.0,501855.0,1920.0,6869.0,1500.0,1.5,2.0,625285.0
305,House,299.0,78703,SingleFamily,2015.0,1012142.0,1917.0,14092.0,2801.0,4.0,,1264739.0
306,House,399.0,78704,SingleFamily,2015.0,379452.0,2011.0,4199.0,1523.0,3.0,3.0,
307,House,295.0,78751,SingleFamily,2015.0,400610.0,1942.0,6054.0,850.0,1.0,2.0,404307.0
308,House,575.0,78751,SingleFamily,2015.0,304014.0,1949.0,5998.0,936.0,1.0,,351635.0
309,House,450.0,78704,SingleFamily,2013.0,299392.0,1948.0,7492.0,1941.0,2.0,,436412.0
310,House,200.0,78751,SingleFamily,2015.0,318174.0,1938.0,9527.0,1337.0,2.0,,436621.0
311,House,500.0,78704,SingleFamily,2015.0,275227.0,1947.0,7797.0,1154.0,1.0,3.0,366378.0
314,House,250.0,78704,Duplex,2015.0,405512.0,1969.0,6839.0,1738.0,2.0,,583279.0
315,House,290.0,78704,SingleFamily,2015.0,364109.0,1957.0,9514.0,1165.0,2.0,3.0,472731.0
316,House,200.0,78751,SingleFamily,2015.0,337543.0,1950.0,6386.0,1426.0,1.0,,389126.0
317,House,1000.0,78704,Townhouse,2015.0,526045.0,1967.0,14549.0,3526.0,1.5,2.0,856111.0
320,House,150.0,78702,SingleFamily,2015.0,347571.0,1917.0,6569.0,1202.0,1.0,,405526.0
321,House,495.0,78704,SingleFamily,2015.0,527240.0,1960.0,16901.0,1880.0,2.0,3.0,633968.0
322,House,127.0,78704,MultiFamily5Plus,,,2014.0,,779.0,1.0,1.0,
323,House,400.0,78751,SingleFamily,2015.0,295729.0,1937.0,9601.0,881.0,2.0,,366017.0
325,House,1000.0,78705,SingleFamily,2015.0,377000.0,1937.0,7854.0,2091.0,2.0,,407801.0
326,House,65.0,78704,Duplex,2015.0,343998.0,1971.0,14562.0,1554.0,2.0,,429138.0
328,House,125.0,78751,SingleFamily,2015.0,316652.0,1949.0,6303.0,1269.0,1.0,,404258.0
329,House,108.0,78704,Condominium,2015.0,375000.0,2013.0,5223.0,1758.0,2.5,3.0,432126.0
330,House,295.0,78704,SingleFamily,2015.0,420660.0,1987.0,11173.0,1536.0,3.0,,456050.0
332,House,100.0,78704,SingleFamily,2015.0,282000.0,1962.0,6969.0,836.0,1.0,3.0,351467.0
333,House,50.0,78723,SingleFamily,2015.0,255244.0,1958.0,7405.0,1444.0,2.5,3.0,323212.0
334,House,115.0,78748,SingleFamily,2015.0,236398.0,1995.0,7840.0,1847.0,2.0,3.0,264773.0
335,House,1250.0,78751,SingleFamily,2015.0,309271.0,1977.0,6225.0,893.0,1.0,,340760.0
336,House,425.0,78751,SingleFamily,2015.0,249285.0,1938.0,8246.0,715.0,2.0,,320291.0
337,House,199.0,78704,SingleFamily,2015.0,311913.0,1947.0,7666.0,950.0,1.0,2.0,419539.0
341,House,500.0,78704,SingleFamily,2015.0,605070.0,1970.0,11051.0,2671.0,3.0,,717135.0
347,House,750.0,78704,SingleFamily,2015.0,485975.0,1978.0,9309.0,1688.0,2.0,,547467.0
348,House,75.0,78702,SingleFamily,2015.0,289594.0,1925.0,3929.0,768.0,1.0,,356237.0
349,House,60.0,78704,SingleFamily,2015.0,346025.0,1959.0,9187.0,1190.0,2.0,,471286.0
350,House,400.0,78704,SingleFamily,2015.0,656442.0,1962.0,11234.0,1935.0,2.0,,678893.0
351,House,85.0,78702,SingleFamily,2015.0,295947.0,2006.0,4744.0,1188.0,2.0,,355131.0
352,House,325.0,78702,SingleFamily,2015.0,239889.0,1928.0,2888.0,528.0,1.0,,305086.0
353,House,214.0,78702,SingleFamily,2015.0,96154.0,2011.0,5576.0,1234.0,2.0,3.0,275976.0
354,House,180.0,78702,SingleFamily,2015.0,373890.0,2011.0,4268.0,1524.0,3.0,3.0,387113.0
356,House,600.0,78704,SingleFamily,2015.0,343846.0,1961.0,9148.0,1330.0,1.0,,406700.0
357,House,169.0,78702,SingleFamily,2015.0,343000.0,1924.0,5371.0,1108.0,2.0,,397904.0
358,House,275.0,78702,SingleFamily,2015.0,277827.0,1926.0,6743.0,672.0,1.0,,352017.0
360,House,220.0,78704,SingleFamily,2015.0,16313220.0,1945.0,815661.0,,,,
361,House,65.0,78704,SingleFamily,2015.0,427759.0,1951.0,11060.0,1449.0,2.0,3.0,552237.0
363,House,75.0,78704,MultiFamily2To4,2015.0,492000.0,1983.0,7501.0,1984.0,4.0,4.0,559823.0
364,House,67.0,78751,SingleFamily,2015.0,538496.0,1950.0,6072.0,2424.0,3.5,4.0,708893.0
365,House,125.0,78704,SingleFamily,2015.0,330942.0,1964.0,13242.0,1264.0,1.0,3.0,413595.0
366,House,75.0,78751,SingleFamily,2015.0,397150.0,1925.0,5967.0,1196.0,1.0,3.0,445465.0
367,House,150.0,78704,SingleFamily,2015.0,618160.0,1930.0,7205.0,1856.0,2.0,,728947.0
368,House,135.0,78703,SingleFamily,2015.0,532639.0,1960.0,6621.0,1236.0,2.0,3.0,586588.0
369,House,69.0,78703,SingleFamily,2015.0,1223975.0,2006.0,7479.0,1765.0,4.0,,917518.0
370,House,170.0,78703,Apartment,,,,,680.0,1.0,1.0,
371,House,99.0,78722,SingleFamily,2015.0,331389.0,1950.0,7649.0,1271.0,1.0,,399160.0
372,House,85.0,78704,SingleFamily,2015.0,440800.0,1927.0,7971.0,912.0,1.5,2.0,491421.0
373,House,100.0,78751,SingleFamily,2015.0,332957.0,1952.0,6617.0,1072.0,1.0,,360043.0
374,House,125.0,78704,Duplex,2015.0,357573.0,1981.0,7144.0,1993.0,2.0,,439136.0
375,Townhouse,60.0,78704,SingleFamily,2015.0,242495.0,1947.0,20103.0,1353.0,1.0,,376557.0
376,House,80.0,78747,SingleFamily,2015.0,7500.0,,5223.0,,,,
377,House,500.0,78746,Duplex,2015.0,461646.0,1979.0,10097.0,2170.0,4.0,,510434.0
378,House,299.0,78704,Duplex,2015.0,348145.0,1969.0,9988.0,1781.0,2.0,,504567.0
379,House,59.0,78702,SingleFamily,2015.0,301193.0,1935.0,5728.0,1092.0,1.0,,340246.0
380,House,640.0,78704,SingleFamily,2015.0,343846.0,1961.0,9148.0,1330.0,1.0,,406700.0
381,House,65.0,78702,SingleFamily,2015.0,216642.0,1942.0,5715.0,504.0,1.0,,296267.0
384,House,1000.0,78702,SingleFamily,2015.0,200000.0,1935.0,7462.0,856.0,1.0,,298324.0
385,House,89.0,78702,SingleFamily,2015.0,331740.0,1930.0,10899.0,660.0,1.0,,368217.0
386,House,495.0,78704,SingleFamily,2015.0,599442.0,1960.0,9452.0,2526.0,3.0,4.0,684018.0
387,House,98.0,78703,SingleFamily,2015.0,843926.0,1935.0,10542.0,2701.0,3.0,,990086.0
388,House,200.0,78702,SingleFamily,2015.0,309695.0,1972.0,12092.0,884.0,1.0,,350976.0
389,House,262.0,78703,SingleFamily,2015.0,754598.0,1939.0,7610.0,2760.0,3.0,,990090.0
390,House,250.0,78702,SingleFamily,2015.0,286689.0,1997.0,5770.0,1528.0,2.5,4.0,401093.0
391,Townhouse,179.0,78704,Townhouse,,,2014.0,,1290.0,2.5,2.0,385871.0
392,House,90.0,78704,SingleFamily,2015.0,335618.0,1925.0,10450.0,1346.0,1.0,,409670.0
394,House,95.0,78751,Apartment,2015.0,2577940.0,1971.0,27282.0,425.0,1.0,0.0,
395,House,1200.0,78751,Apartment,2015.0,1796760.0,1972.0,19502.0,11592.0,1.5,2.0,
396,House,250.0,78751,SingleFamily,2015.0,223455.0,1946.0,6643.0,576.0,1.0,,317050.0
398,House,105.0,78751,SingleFamily,2015.0,487836.0,1929.0,9387.0,1104.0,1.0,,484225.0
401,House,500.0,78751,SingleFamily,2015.0,383161.0,1926.0,6294.0,1170.0,1.0,,540943.0
402,House,230.0,78704,SingleFamily,2015.0,124800.0,,16649.0,,,,
403,House,600.0,78751,SingleFamily,2015.0,455373.0,2014.0,5183.0,2379.0,3.0,6.0,537058.0
404,House,175.0,78704,Apartment,2015.0,12659287.0,1970.0,635026.0,193494.0,,,1170491.0
405,House,350.0,78704,SingleFamily,2015.0,290261.0,1964.0,5484.0,1634.0,2.0,,420074.0
406,House,200.0,78704,SingleFamily,2015.0,644045.0,1910.0,17590.0,3140.0,,,986315.0
407,House,575.0,78704,SingleFamily,2015.0,416211.0,1945.0,6151.0,952.0,1.0,,467168.0
408,House,375.0,78741,MultiFamily2To4,2015.0,39950000.0,2013.0,261273.0,200494.0,,,1140033.0
409,House,180.0,78704,Condominium,,,,,,1.0,1.0,450461.0
410,House,95.0,78704,SingleFamily,2015.0,431701.0,1959.0,6456.0,648.0,1.0,,464736.0
411,House,75.0,78704,SingleFamily,2015.0,424808.0,1952.0,11761.0,848.0,1.0,,475166.0
413,House,175.0,78741,SingleFamily,2015.0,321171.0,1963.0,7700.0,1356.0,1.7,3.0,390541.0
415,House,125.0,78741,SingleFamily,2015.0,285884.0,1960.0,10019.0,1814.0,2.0,,368338.0
418,House,149.0,78744,SingleFamily,2015.0,153867.0,2005.0,4217.0,1366.0,3.0,,189994.0
419,House,750.0,78734,VacantResidentialLand,2015.0,373745.0,1982.0,124581.0,1728.0,,0.0,
420,House,325.0,78759,SingleFamily,2015.0,495575.0,1993.0,15769.0,2946.0,3.0,,555940.0
421,House,100.0,78744,SingleFamily,2015.0,30000.0,,4400.0,,,,
422,House,90.0,78728,SingleFamily,2015.0,186303.0,1997.0,5676.0,1426.0,2.0,,224206.0
423,House,109.0,78721,SingleFamily,2015.0,117708.0,1965.0,7701.0,720.0,1.0,,220952.0
424,House,69.0,78702,SingleFamily,2015.0,325558.0,2007.0,5702.0,1160.0,2.0,,350167.0
426,House,45.0,78652,SingleFamily,2015.0,97582.0,1993.0,24581.0,1132.0,2.0,,205268.0
427,House,115.0,78759,SingleFamily,2015.0,219590.0,1979.0,27730.0,1475.0,2.0,,283232.0
428,House,195.0,78757,SingleFamily,2015.0,392407.0,1955.0,11256.0,1164.0,2.0,,390490.0
429,House,2170.0,78746,SingleFamily,2015.0,1060675.0,1994.0,44431.0,4483.0,5.0,,1429050.0
432,House,45.0,78745,SingleFamily,2015.0,242833.0,1982.0,6290.0,1950.0,2.0,3.0,286731.0
435,House,35.0,78727,SingleFamily,2015.0,172460.0,1984.0,6150.0,1232.0,2.0,3.0,212127.0
436,House,385.0,78759,SingleFamily,2015.0,511540.0,1994.0,5619.0,2813.0,2.5,4.0,555543.0
437,House,65.0,78736,SingleFamily,2015.0,436210.0,2013.0,31686.0,3450.0,4.0,4.0,584397.0
438,House,100.0,78756,SingleFamily,2015.0,491962.0,1920.0,6948.0,2158.0,1.0,,658119.0
439,House,49.0,78758,SingleFamily,2015.0,140378.0,1964.0,8952.0,1114.0,2.0,,197775.0
442,House,100.0,78705,Condominium,2015.0,129637.0,1984.0,914.0,405.0,1.0,1.0,155786.0
444,House,200.0,78704,SingleFamily,2015.0,517249.0,2009.0,5502.0,1950.0,3.0,3.0,677003.0
446,House,287.0,78704,MultiFamily2To4,2015.0,612299.0,1978.0,14767.0,1700.0,2.0,2.0,635254.0
447,House,185.0,78704,Condominium,,,,,1150.0,2.0,2.0,414537.0
449,House,1896.0,78704,SingleFamily,2015.0,505214.0,1940.0,8041.0,2005.0,2.0,,638237.0
450,House,500.0,78704,SingleFamily,2015.0,486073.0,2000.0,10097.0,2800.0,2.0,4.0,743281.0
452,House,325.0,78704,Condominium,,,2007.0,8537.0,2152.0,2.5,3.0,563230.0
455,House,200.0,78703,SingleFamily,2015.0,647710.0,1938.0,4094.0,1740.0,2.5,2.0,731173.0
456,House,160.0,78703,SingleFamily,2015.0,1338199.0,1915.0,14784.0,2754.0,3.0,,1322605.0
457,House,100.0,78748,SingleFamily,2015.0,201568.0,2005.0,3615.0,1992.0,2.5,4.0,250649.0
458,House,10000.0,78748,SingleFamily,2015.0,175352.0,1986.0,9496.0,1230.0,2.0,3.0,226567.0
459,House,450.0,78746,SingleFamily,2015.0,544050.0,1979.0,9775.0,2165.0,2.0,3.0,659086.0
460,House,5000.0,78746,SingleFamily,2015.0,405000.0,,72310.0,,,,
461,House,895.0,78746,SingleFamily,2015.0,693557.0,1972.0,12066.0,1824.0,3.0,3.0,778277.0
463,House,105.0,78756,SingleFamily,2015.0,355000.0,1950.0,10153.0,1675.0,2.5,3.0,435067.0
464,House,60.0,78744,SingleFamily,2015.0,165812.0,2007.0,5898.0,1856.0,3.0,3.0,201745.0
465,House,55.0,78729,SingleFamily,2015.0,213876.0,1977.0,15608.0,2061.0,2.0,,279447.0
466,House,425.0,78750,SingleFamily,2015.0,397134.0,1972.0,27020.0,2873.0,2.5,,491180.0
467,House,225.0,78757,SingleFamily,2015.0,379758.0,1965.0,8319.0,1964.0,12.0,4.0,
468,House,2000.0,78758,SingleFamily,2015.0,263258.0,1985.0,12314.0,2467.0,3.0,,284953.0
469,House,1200.0,78734,SingleFamily,2015.0,659112.0,2006.0,98054.0,4200.0,4.0,4.0,851654.0
470,House,99.0,78734,SingleFamily,2015.0,153729.0,1975.0,27094.0,1184.0,1.0,3.0,234426.0
471,House,1500.0,78731,SingleFamily,2015.0,590813.0,1974.0,13552.0,2315.0,3.0,,617632.0
472,House,100.0,78758,Condominium,2015.0,77297.0,1984.0,435.0,535.0,2.0,2.0,
473,House,51.0,78727,SingleFamily,2015.0,189587.0,1990.0,5854.0,1100.0,2.0,3.0,255673.0
474,House,30.0,78757,SingleFamily,2015.0,311420.0,1951.0,7370.0,1213.0,1.0,,381387.0
476,House,449.0,78733,SingleFamily,2015.0,811993.0,2002.0,84419.0,4862.0,4.5,5.0,1194300.0
477,House,45.0,78748,SingleFamily,,,,,1299.0,2.0,3.0,225911.0
479,House,90.0,78745,SingleFamily,2015.0,189151.0,1974.0,7880.0,1242.0,2.0,,239246.0
480,House,60.0,78723,SingleFamily,2015.0,272913.0,1955.0,9060.0,1316.0,2.0,3.0,324686.0
481,House,75.0,78759,Duplex,2015.0,263130.0,1982.0,8973.0,1962.0,2.0,,341800.0
482,House,89.0,78702,SingleFamily,2015.0,236831.0,1951.0,6734.0,1256.0,1.0,,327530.0
483,House,218.0,78745,Quadruplex,2015.0,250000.0,1982.0,8725.0,3870.0,4.0,,381653.0
484,House,75.0,78704,Condominium,,,,,750.0,1.0,1.0,353463.0
485,House,100.0,78752,SingleFamily,,,,,,,,
486,House,80.0,78757,SingleFamily,2015.0,623343.0,2006.0,9666.0,2707.0,3.0,,688364.0
487,House,50.0,78739,SingleFamily,2015.0,433684.0,1994.0,11020.0,3154.0,3.0,4.0,446309.0
488,House,65.0,78759,SingleFamily,2015.0,265725.0,1976.0,9845.0,1488.0,2.0,,357730.0
489,House,265.0,78727,SingleFamily,2015.0,207194.0,1984.0,5763.0,1498.0,3.0,3.0,251830.0
490,House,125.0,78732,SingleFamily,2015.0,262767.0,1982.0,26476.0,1516.0,2.0,,341104.0
491,House,195.0,78729,Condominium,,,2015.0,,2283.0,,,262029.0
492,House,67.0,78729,SingleFamily,2015.0,334995.0,2011.0,,2142.0,2.0,,315527.0
493,House,125.0,78750,SingleFamily,2015.0,226608.0,1980.0,9967.0,2012.0,2.0,,268993.0
495,House,89.0,78703,SingleFamily,2015.0,2394202.0,1940.0,54014.0,6200.0,6.0,4.0,3939666.0
497,House,40.0,78757,SingleFamily,2015.0,397753.0,1948.0,7214.0,2160.0,3.0,,545053.0
499,House,94.0,78744,SingleFamily,2015.0,93277.0,2014.0,4554.0,1650.0,,,189345.0
500,House,459.0,78704,SingleFamily,2015.0,665239.0,1977.0,18234.0,2737.0,2.0,,770521.0
501,House,125.0,78704,SingleFamily,2015.0,406278.0,1952.0,7200.0,1351.0,2.0,,506538.0
502,House,700.0,78704,SingleFamily,2015.0,618447.0,1955.0,12500.0,2083.0,2.0,3.0,718248.0
503,House,899.0,78704,Duplex,2015.0,434809.0,1977.0,9313.0,2545.0,2.0,,659863.0
504,Townhouse,500.0,78704,Townhouse,2015.0,490594.0,1971.0,,1150.0,1.5,2.0,531565.0
505,House,400.0,78737,SingleFamily,2015.0,461820.0,2014.0,14985.0,3081.0,,,462698.0
507,House,199.0,78704,SingleFamily,2015.0,293432.0,1982.0,9143.0,1000.0,1.0,2.0,374932.0
508,House,300.0,78751,SingleFamily,2015.0,582493.0,2009.0,10459.0,2555.0,4.0,,720228.0
510,House,650.0,78735,SingleFamily,,,,,,,,
511,House,150.0,78736,SingleFamily,2015.0,272258.0,1977.0,89515.0,2700.0,2.0,3.0,386415.0
513,House,700.0,78735,Condominium,2015.0,377581.0,2000.0,15037.0,2075.0,2.0,2.0,406922.0
514,House,25.0,78747,SingleFamily,2015.0,167757.0,2009.0,4273.0,1788.0,3.0,,194137.0
516,House,185.0,78746,SingleFamily,2015.0,3091366.0,2005.0,96616.0,6077.0,5.0,,3772590.0
517,House,1750.0,78737,SingleFamily,2015.0,296872.0,1983.0,67562.0,2071.0,2.0,,438358.0
518,House,625.0,78730,SingleFamily,2015.0,757424.0,1983.0,31406.0,4261.0,4.5,3.0,893466.0
519,House,1200.0,78749,SingleFamily,2015.0,245183.0,1980.0,11356.0,1736.0,2.0,,295811.0
520,House,350.0,78733,SingleFamily,2015.0,719303.0,2002.0,45738.0,3067.0,3.0,,718943.0
522,House,240.0,78746,SingleFamily,2015.0,503995.0,1971.0,43617.0,2408.0,2.0,,665026.0
523,House,635.0,78735,SingleFamily,2015.0,522420.0,1996.0,9744.0,3538.0,3.0,,566362.0
525,House,60.0,78749,SingleFamily,2015.0,256961.0,1988.0,8145.0,1496.0,2.0,3.0,292869.0
526,House,150.0,78736,SingleFamily,2015.0,344772.0,2003.0,10563.0,2366.0,2.0,,360617.0
527,House,700.0,78746,SingleFamily,2015.0,685472.0,1980.0,12096.0,2672.0,2.5,4.0,767777.0
528,House,500.0,78746,SingleFamily,2015.0,623687.0,1979.0,26297.0,2762.0,3.0,4.0,781403.0
529,House,70.0,78735,SingleFamily,2015.0,454674.0,1998.0,7187.0,2687.0,2.5,3.0,461401.0
530,House,289.0,78749,SingleFamily,2015.0,317134.0,2001.0,6838.0,1961.0,2.0,3.0,336341.0
531,House,559.0,78746,SingleFamily,2015.0,3016389.0,1992.0,22651.0,6876.0,6.5,6.0,4171642.0
532,House,49.0,78749,SingleFamily,2015.0,315542.0,2001.0,9622.0,1932.0,2.0,,340353.0
533,House,50.0,78735,SingleFamily,2015.0,322168.0,2011.0,11461.0,2558.0,3.0,,351710.0
535,House,350.0,78746,SingleFamily,2015.0,737531.0,1982.0,58501.0,2825.0,3.0,4.0,1011470.0
536,House,239.0,78733,SingleFamily,2015.0,298435.0,2001.0,13852.0,1950.0,2.0,3.0,380788.0
538,House,99.0,78746,Duplex,2015.0,467759.0,1982.0,25835.0,2732.0,4.0,,748470.0
539,House,250.0,78736,SingleFamily,2015.0,441513.0,2005.0,10206.0,3673.0,4.0,,474941.0
540,House,399.0,78746,SingleFamily,2015.0,973716.0,1997.0,15298.0,3150.0,3.0,,1104412.0
541,House,100.0,78746,SingleFamily,2015.0,1359746.0,2013.0,95266.0,3570.0,3.0,4.0,1390344.0
542,House,250.0,78746,SingleFamily,2015.0,600000.0,1972.0,10947.0,540.0,1.0,,1100565.0
543,House,1380.0,78736,SingleFamily,2015.0,230042.0,1970.0,17315.0,1533.0,2.0,,271924.0
544,House,225.0,78733,SingleFamily,2015.0,319605.0,1985.0,36416.0,1739.0,2.5,4.0,418915.0
545,House,1200.0,78746,SingleFamily,2015.0,1364633.0,1983.0,56628.0,4925.0,4.5,4.0,1716362.0
546,House,345.0,78733,SingleFamily,2015.0,350422.0,1983.0,18295.0,1777.0,2.0,3.0,437631.0
547,House,599.0,78746,SingleFamily,2015.0,1050830.0,1972.0,38725.0,2720.0,3.0,,1431694.0
548,House,375.0,78735,SingleFamily,2015.0,474476.0,1999.0,11326.0,3392.0,3.5,5.0,509615.0
549,House,100.0,78617,SingleFamily,2015.0,119713.0,2000.0,6743.0,1178.0,2.0,3.0,148231.0
550,House,63.0,78746,SingleFamily,2015.0,571265.0,1979.0,13181.0,2143.0,2.0,,679004.0
551,House,175.0,78746,SingleFamily,2015.0,951448.0,1995.0,37418.0,4095.0,4.0,,1460471.0
552,House,2158.0,78746,SingleFamily,2015.0,835000.0,1990.0,36860.0,3458.0,3.0,,1087478.0
554,House,200.0,78735,SingleFamily,2015.0,414000.0,1996.0,9425.0,2494.0,3.5,4.0,453502.0
556,House,1695.0,78704,SingleFamily,2015.0,386170.0,1967.0,7148.0,1593.0,2.0,,432742.0
557,House,350.0,78751,SingleFamily,2012.0,313281.0,1937.0,6098.0,2044.0,3.0,3.0,612665.0
559,House,900.0,78704,SingleFamily,2015.0,549574.0,1923.0,10541.0,1232.0,1.0,2.0,604634.0
560,House,350.0,78704,SingleFamily,2015.0,394595.0,1926.0,,850.0,1.0,2.0,463999.0
561,House,199.0,78704,SingleFamily,2015.0,530487.0,1949.0,8882.0,1284.0,1.0,,590862.0
562,House,250.0,78704,SingleFamily,2015.0,518876.0,1937.0,7270.0,1264.0,2.0,,560107.0
563,Townhouse,350.0,78704,Duplex,2015.0,363000.0,1999.0,10041.0,1086.0,2.0,,421632.0
564,House,980.0,78704,Duplex,2015.0,577348.0,1963.0,13817.0,1674.0,2.0,,650449.0
565,House,225.0,78704,SingleFamily,2015.0,321189.0,1956.0,5846.0,1265.0,1.0,,410660.0
566,House,450.0,78704,SingleFamily,2015.0,522571.0,1999.0,6321.0,2016.0,4.0,,722911.0
567,House,200.0,78722,SingleFamily,2015.0,437574.0,1951.0,10411.0,1952.0,1.0,,514005.0
569,House,1900.0,78704,SingleFamily,2015.0,2103676.0,1890.0,43399.0,4263.0,3.0,,1771110.0
570,House,700.0,78722,SingleFamily,2015.0,336971.0,1952.0,8568.0,1205.0,1.0,,385470.0
571,House,54.0,78704,SingleFamily,2015.0,839041.0,1948.0,12558.0,2229.0,2.0,,809246.0
572,House,450.0,78722,SingleFamily,2015.0,470827.0,1946.0,18530.0,1911.0,2.0,,516586.0
574,Townhouse,45.0,78722,SingleFamily,2015.0,449026.0,1949.0,16553.0,1472.0,1.0,,484566.0
575,House,75.0,78704,SingleFamily,2015.0,542250.0,1942.0,13913.0,1995.0,2.0,,697488.0
578,House,154.0,78704,SingleFamily,2015.0,543046.0,1988.0,6304.0,1201.0,1.5,2.0,577542.0
579,Townhouse,50.0,78704,Duplex,2015.0,566342.0,1961.0,12306.0,2289.0,3.0,,620016.0
580,House,300.0,78704,SingleFamily,2015.0,755423.0,2002.0,13800.0,2300.0,2.0,3.0,807087.0
582,House,109.0,78704,SingleFamily,2015.0,348132.0,1961.0,6983.0,1456.0,2.0,,429214.0
583,House,1200.0,78741,Duplex,2015.0,200787.0,1964.0,10986.0,1449.0,2.0,,309983.0
584,House,170.0,78722,SingleFamily,2015.0,336404.0,1951.0,5000.0,1248.0,2.0,3.0,414662.0
585,House,395.0,78704,Condominium,2013.0,9782.0,2008.0,1133.0,836.0,,,185143.0
587,House,500.0,78722,SingleFamily,2015.0,232648.0,1930.0,,909.0,1.0,2.0,279876.0
588,House,299.0,78722,MultiFamily2To4,2015.0,259739.0,1964.0,5227.0,690.0,2.0,2.0,320185.0
590,House,395.0,78722,SingleFamily,2015.0,366129.0,1939.0,7314.0,1172.0,1.0,,405928.0
591,House,290.0,78704,SingleFamily,2015.0,678867.0,1933.0,6011.0,1188.0,1.0,3.0,550098.0
592,House,89.0,78704,SingleFamily,2011.0,548257.0,2001.0,8738.0,2004.0,2.0,,733498.0
593,House,390.0,78722,SingleFamily,2015.0,424502.0,1948.0,11282.0,1525.0,1.5,2.0,446643.0
594,House,1200.0,78722,Apartment,2015.0,305395.0,1960.0,8102.0,395.0,1.0,0.0,
595,House,200.0,78722,SingleFamily,2015.0,242397.0,1947.0,,,2.0,3.0,326421.0
597,House,1200.0,78741,Condominium,2015.0,17629900.0,1961.0,330795.0,1002.0,2.0,2.0,681572.0
598,House,270.0,78704,SingleFamily,2015.0,340132.0,1940.0,4443.0,1748.0,3.0,3.0,593579.0
601,House,150.0,78741,SingleFamily,2015.0,333146.0,1964.0,8346.0,1760.0,2.0,,397214.0
602,House,600.0,78746,SingleFamily,2015.0,858000.0,1993.0,16932.0,3945.0,4.0,,1104865.0
603,House,1499.0,78733,SingleFamily,2015.0,1679226.0,1950.0,235834.0,2355.0,2.0,3.0,1250590.0
604,House,350.0,78749,SingleFamily,2015.0,254504.0,1983.0,9601.0,1824.0,2.0,3.0,308064.0
606,House,80.0,78705,SingleFamily,2015.0,1537234.0,1995.0,49105.0,3970.0,3.0,,1152836.0
607,House,200.0,78751,SingleFamily,2015.0,358390.0,1920.0,7836.0,1296.0,1.0,,415926.0
610,House,75.0,78751,SingleFamily,2015.0,740626.0,2013.0,6460.0,2643.0,3.0,3.0,807997.0
611,House,100.0,78751,SingleFamily,2015.0,329053.0,1952.0,6564.0,1362.0,2.0,,405979.0
612,House,220.0,78704,Duplex,2015.0,344112.0,1965.0,11243.0,1472.0,2.0,,426918.0
614,House,229.0,78704,SingleFamily,2015.0,576330.0,1949.0,14871.0,1324.0,2.0,,626832.0
616,House,84.0,78757,SingleFamily,2015.0,349527.0,1982.0,9060.0,740.0,1.0,1.0,389567.0
617,House,99.0,78704,SingleFamily,2015.0,403677.0,1946.0,7383.0,940.0,1.0,,473586.0
619,House,200.0,78705,MultiFamily2To4,2015.0,868400.0,1950.0,14166.0,6680.0,8.0,,2205445.0
621,House,40.0,78748,MultiFamily5Plus,,,,,692.0,1.0,1.0,
622,House,135.0,78748,SingleFamily,2015.0,215564.0,1983.0,6054.0,2307.0,3.0,3.0,264736.0
623,House,110.0,78748,SingleFamily,2015.0,160366.0,1986.0,6181.0,1013.0,2.0,,204419.0
624,House,180.0,78748,SingleFamily,2015.0,172976.0,1983.0,6216.0,1192.0,2.0,,214423.0
625,House,29.0,78748,SingleFamily,2015.0,180065.0,1955.0,44126.0,1208.0,1.0,,233374.0
627,House,30.0,78748,SingleFamily,2015.0,203203.0,1953.0,58632.0,1296.0,1.0,,248184.0
628,House,135.0,78751,SingleFamily,2015.0,338485.0,1952.0,6633.0,1405.0,2.0,2.0,403198.0
630,House,100.0,78748,SingleFamily,2015.0,327100.0,2013.0,7841.0,2364.0,3.0,4.0,
631,House,35.0,78748,SingleFamily,2015.0,251088.0,2012.0,4413.0,1763.0,3.0,3.0,263947.0
632,House,49.0,78748,SingleFamily,2015.0,500.0,,505448.0,,,,
633,House,99.0,78704,SingleFamily,2015.0,398834.0,1939.0,7558.0,985.0,1.0,,450839.0
636,House,80.0,78750,SingleFamily,2015.0,638019.0,1983.0,87904.0,2796.0,2.5,4.0,673457.0
637,House,500.0,78732,SingleFamily,2015.0,2878534.0,1996.0,24959.0,8800.0,7.0,5.0,3639361.0
638,House,119.0,78721,SingleFamily,2015.0,268246.0,2013.0,7802.0,1816.0,2.0,3.0,318168.0
639,House,79.0,78702,SingleFamily,2015.0,406163.0,1939.0,6751.0,1725.0,3.0,4.0,555959.0
640,House,20.0,78747,SingleFamily,2015.0,187623.0,2012.0,4304.0,2068.0,3.0,,208978.0
641,House,649.0,78746,SingleFamily,2015.0,2208904.0,2009.0,36569.0,4141.0,5.0,2.0,2435665.0
643,House,600.0,78746,SingleFamily,2015.0,670963.0,1975.0,15703.0,2461.0,3.0,,766016.0
644,House,50.0,78759,SingleFamily,2015.0,480202.0,1970.0,16148.0,2423.0,2.0,,552364.0
645,House,70.0,78729,SingleFamily,2015.0,223426.0,1977.0,17163.0,1590.0,2.0,,237703.0
646,House,45.0,78741,Quadruplex,2015.0,241509.0,1984.0,9487.0,4092.0,10.0,,386261.0
647,House,18.0,78741,SingleFamily,2015.0,139542.0,2007.0,4805.0,1091.0,1.0,,182420.0
648,House,39.0,78747,SingleFamily,2015.0,169177.0,2010.0,3646.0,1788.0,3.0,,191101.0
650,House,500.0,78746,SingleFamily,2015.0,1118354.0,1993.0,16087.0,4000.0,5.0,4.0,1302223.0
651,House,2000.0,78746,SingleFamily,2015.0,865704.0,1991.0,43996.0,3837.0,3.5,4.0,1189459.0
652,House,709.0,78746,SingleFamily,2015.0,625964.0,1959.0,22664.0,2402.0,2.0,4.0,822829.0
653,House,800.0,78746,SingleFamily,2015.0,799000.0,1964.0,17511.0,2260.0,2.0,,947327.0
654,House,1500.0,78746,SingleFamily,2015.0,1161361.0,1985.0,23479.0,4877.0,4.0,,1749026.0
656,House,850.0,78701,SingleFamily,2015.0,616702.0,1925.0,8555.0,2048.0,3.0,,1040830.0
657,House,200.0,78701,SingleFamily,2015.0,1250299.0,1962.0,37117.0,3055.0,4.0,,1143591.0
658,House,165.0,78701,SingleFamily,2015.0,2734830.0,1979.0,43412.0,,,,
661,House,150.0,78704,SingleFamily,2015.0,524595.0,1956.0,10720.0,1266.0,2.0,,575948.0
662,House,300.0,78704,Duplex,2015.0,512044.0,1972.0,7728.0,1994.0,3.0,,600319.0
663,House,550.0,78704,SingleFamily,2015.0,465001.0,1957.0,10088.0,1256.0,2.0,,534913.0
664,House,95.0,78704,SingleFamily,2015.0,456000.0,1959.0,9121.0,1568.0,2.0,3.0,543178.0
665,House,290.0,78751,SingleFamily,2015.0,310903.0,1948.0,7977.0,1088.0,1.0,2.0,384190.0
666,House,199.0,78751,SingleFamily,2015.0,362716.0,1956.0,7320.0,1253.0,2.0,2.0,420809.0
667,House,189.0,78704,Duplex,2015.0,522174.0,1961.0,6665.0,1653.0,2.0,,547592.0
668,House,400.0,78704,SingleFamily,2015.0,867379.0,1932.0,6838.0,2184.0,3.0,3.0,825886.0
669,House,600.0,78704,SingleFamily,2015.0,629275.0,1950.0,6578.0,2481.0,3.0,,777717.0
670,House,200.0,78704,SingleFamily,2015.0,777132.0,2004.0,6229.0,2907.0,3.0,,915320.0
671,House,399.0,78704,SingleFamily,2015.0,401951.0,1927.0,5441.0,1030.0,1.0,,472784.0
672,House,38.0,78741,SingleFamily,,,1971.0,,2725.0,2.0,3.0,349666.0
673,House,350.0,78704,SingleFamily,2015.0,790148.0,1961.0,18888.0,1745.0,2.0,,722400.0
674,House,550.0,78704,SingleFamily,2015.0,199500.0,1924.0,9914.0,672.0,1.0,,
675,House,189.0,78722,SingleFamily,2015.0,216221.0,1948.0,5924.0,836.0,1.0,,275560.0
676,House,75.0,78741,VacantResidentialLand,2015.0,243059.0,1938.0,10323.0,1136.0,,,
678,House,100.0,78704,SingleFamily,2015.0,527727.0,2004.0,12632.0,1788.0,2.0,3.0,556160.0
679,House,599.0,78741,SingleFamily,2015.0,235178.0,1951.0,7745.0,640.0,1.0,,305865.0
680,House,600.0,78704,SingleFamily,2012.0,1225000.0,1950.0,56192.0,4712.0,1.0,,2055770.0
681,House,120.0,78704,Condominium,,,2006.0,3746.0,2089.0,3.0,3.0,616746.0
682,House,110.0,78704,SingleFamily,2015.0,514001.0,1920.0,6874.0,1818.0,2.0,,628843.0
684,House,475.0,78704,SingleFamily,2015.0,348915.0,1959.0,7200.0,1177.0,2.0,,410762.0
686,House,199.0,78701,Condominium,2015.0,265504.0,2008.0,2505.0,1593.0,3.0,2.0,278915.0
687,House,700.0,78741,SingleFamily,2015.0,320918.0,1958.0,10337.0,1665.0,2.0,,385536.0
689,House,205.0,78741,Duplex,2015.0,146513.0,1972.0,7270.0,1843.0,2.0,,244405.0
690,House,99.0,78704,SingleFamily,2015.0,372000.0,1927.0,7013.0,884.0,1.0,,456182.0
691,House,3275.0,78701,Condominium,2015.0,229279.0,2008.0,130.0,700.0,1.0,1.0,294640.0
694,House,160.0,78704,SingleFamily,2015.0,483629.0,1920.0,6848.0,1100.0,1.0,1.0,498118.0
695,House,600.0,78704,Apartment,,,,,1075.0,2.0,2.0,
696,House,750.0,78704,Condominium,2015.0,186889.0,1981.0,5175.0,1024.0,2.0,,316802.0
697,House,50.0,78722,SingleFamily,2015.0,330537.0,1947.0,7950.0,1382.0,2.0,,408411.0
698,House,89.0,78704,SingleFamily,2015.0,799464.0,2007.0,5846.0,2434.0,4.0,,913924.0
700,House,324.0,78704,SingleFamily,2015.0,390985.0,1938.0,17049.0,1335.0,1.0,,513403.0
701,House,65.0,78722,SingleFamily,2015.0,824263.0,1952.0,21898.0,3447.0,3.0,,818472.0
702,House,50.0,78741,SingleFamily,2015.0,366221.0,1956.0,10777.0,1819.0,2.0,,400112.0
703,House,245.0,78722,MultiFamily2To4,2015.0,410961.0,1950.0,8477.0,1897.0,2.0,4.0,501586.0
704,House,140.0,78722,SingleFamily,2015.0,375423.0,1947.0,5140.0,1336.0,1.0,,420587.0
705,House,80.0,78722,SingleFamily,2015.0,308294.0,1948.0,6530.0,1400.0,1.5,2.0,399469.0
706,House,225.0,78704,SingleFamily,2015.0,416498.0,1954.0,9548.0,1925.0,2.0,3.0,571547.0
707,House,95.0,78722,SingleFamily,2015.0,327975.0,1951.0,10032.0,1334.0,1.0,,398248.0
708,House,110.0,78751,SingleFamily,2015.0,365678.0,1946.0,13111.0,823.0,1.0,2.0,349228.0
710,House,159.0,78704,SingleFamily,2015.0,468669.0,2001.0,7274.0,1914.0,2.0,3.0,546218.0
712,House,350.0,78704,SingleFamily,2015.0,343663.0,1956.0,6917.0,1278.0,2.0,,419536.0
713,House,575.0,78704,SingleFamily,2015.0,448420.0,1956.0,6273.0,1100.0,1.0,2.0,554867.0
714,House,1500.0,78704,SingleFamily,2015.0,318993.0,1948.0,7096.0,1039.0,1.0,,395680.0
715,House,225.0,78704,SingleFamily,2015.0,197303.0,1952.0,5662.0,1064.0,1.0,2.0,319094.0
